insert into category (id, name) values (1, 'linux');
insert into category (id, name) values (2, 'program');
insert into category (id, name) values (3, 'software');

insert into product (id, name, shipping_charge, width, height, quantity, price, content, best_seller, reg_date, category_id) values (1, 'Best STICKER', 2500, 244, 184, 10, 6900, '짱 좋음', true, current_timestamp, 3);
insert into product (id, name, shipping_charge, width, height, quantity, price, content, best_seller, reg_date, category_id) values (2, '(구)HTMl5', 2500, 40, 55, 5, 1500, '짱 좋음', true, current_timestamp, 2);
insert into product (id, name, shipping_charge, width, height, quantity, price, content, best_seller, reg_date, category_id) values (3, '(구)CSS3', 2500, 40, 55, 8, 1500, '짱 좋음', true, current_timestamp, 2);
insert into product (id, name, shipping_charge, width, height, quantity, price, content, best_seller, reg_date, category_id) values (4, '(구)JS-J', 2500, 40, 55, 7, 1500, '짱 좋음', true, current_timestamp, 2);
insert into product (id, name, shipping_charge, width, height, quantity, price, content, best_seller, reg_date, category_id) values (5, '(구)JS-S', 2500, 40, 55, 9, 1500, '짱 좋음', true, current_timestamp, 2);
insert into product (id, name, shipping_charge, width, height, quantity, price, content, best_seller, reg_date, category_id) values (6, '(구)JS-JS', 2500, 40, 55, 13, 1500, '짱 좋음', true, current_timestamp, 2);
insert into product (id, name, shipping_charge, width, height, quantity, price, content, best_seller, reg_date, category_id) values (7, '(구)Golang', 2500, 40, 54, 15, 1500, '짱 좋음', true, current_timestamp, 2);
insert into product (id, name, shipping_charge, width, height, quantity, price, content, best_seller, reg_date, category_id) values (8, '(구)Eclipse', 2500, 50, 48, 16, 1500, '짱 좋음', true, current_timestamp, 3);
insert into product (id, name, shipping_charge, width, height, quantity, price, content, best_seller, reg_date, category_id) values (9, '(구)Angular', 2500, 50, 53, 7, 1500, '짱 좋음', true, current_timestamp, 2);
insert into product (id, name, shipping_charge, width, height, quantity, price, content, best_seller, reg_date, category_id) values (10, '(구)Ubuntu', 2500, 50, 50, 2, 1500, '짱 좋음', true, current_timestamp, 1);
insert into product (id, name, shipping_charge, width, height, quantity, price, content, best_seller, reg_date, category_id) values (11, '(구)fedora', 2500, 50, 50, 20, 1500, '짱 좋음', true, current_timestamp, 1);
insert into product (id, name, shipping_charge, width, height, quantity, price, content, best_seller, reg_date, category_id) values (12, '(구)Spring', 2500, 51, 51, 11, 1500, '짱 좋음', true, current_timestamp, 2);
insert into product (id, name, shipping_charge, width, height, quantity, price, content, best_seller, reg_date, category_id) values (13, '(구)Python', 2500, 53, 53, 8, 1500, '짱 좋음', false, current_timestamp, 2);
insert into product (id, name, shipping_charge, width, height, quantity, price, content, best_seller, reg_date, category_id) values (14, '(구)c#', 2500, 48, 54, 5, 1500, '짱 좋음', false, current_timestamp, 2);
insert into product (id, name, shipping_charge, width, height, quantity, price, content, best_seller, reg_date, category_id) values (15, '(구)React', 2500, 54, 48, 8, 1500, '짱 좋음', false, current_timestamp, 2);
insert into product (id, name, shipping_charge, width, height, quantity, price, content, best_seller, reg_date, category_id) values (16, 'CSS3', 2500, 32, 37, 25, 1500, '짱 좋음', false, current_timestamp, 2);
insert into product (id, name, shipping_charge, width, height, quantity, price, content, best_seller, reg_date, category_id) values (17, 'HTML5', 2500, 32, 37, 16, 1500, '짱 좋음', false, current_timestamp, 2);
insert into product (id, name, shipping_charge, width, height, quantity, price, content, best_seller, reg_date, category_id) values (18, 'Ubuntu', 2500, 32, 37, 16, 1500, '짱 좋음', false, current_timestamp, 1);
insert into product (id, name, shipping_charge, width, height, quantity, price, content, best_seller, reg_date, category_id) values (19, 'Spring', 2500, 40, 40, 13, 1500, '짱 좋음', false, current_timestamp, 2);
insert into product (id, name, shipping_charge, width, height, quantity, price, content, best_seller, reg_date, category_id) values (20, 'NodeJS', 2500, 40, 52, 26, 1500, '짱 좋음', false, current_timestamp, 2);
insert into product (id, name, shipping_charge, width, height, quantity, price, content, best_seller, reg_date, category_id) values (21, 'Atom', 2500, 40, 40, 14, 1500, '짱 좋음', false, current_timestamp, 3);
insert into product (id, name, shipping_charge, width, height, quantity, price, content, best_seller, reg_date, category_id) values (22, 'TypeScript', 2500, 41, 41, 11, 0, '짱 좋음', false, current_timestamp, 2);
insert into product (id, name, shipping_charge, width, height, quantity, price, content, best_seller, reg_date, category_id) values (23, 'ES6', 2500, 41, 41, 21, 0, '짱 좋음', false, current_timestamp, 2);
insert into product (id, name, shipping_charge, width, height, quantity, price, content, best_seller, reg_date, category_id) values (24, 'npm', 2500, 20, 50, 12, 1500, '짱 좋음', false, current_timestamp, 2);
insert into product (id, name, shipping_charge, width, height, quantity, price, content, best_seller, reg_date, category_id) values (25, 'Git', 2500, 23, 32, 25, 1500, '짱 좋음', false, current_timestamp, 1);
insert into product (id, name, shipping_charge, width, height, quantity, price, content, best_seller, reg_date, category_id) values (26, 'Linux', 2500, 41, 48, 28, 1500, '짱 좋음', false, current_timestamp, 1);
insert into product (id, name, shipping_charge, width, height, quantity, price, content, best_seller, reg_date, category_id) values (27, 'React', 2500, 42, 46, 16, 1500, '짱 좋음', false, current_timestamp, 2);
insert into product (id, name, shipping_charge, width, height, quantity, price, content, best_seller, reg_date, category_id) values (28, 'Python', 2500, 32, 37, 19, 1500, '짱 좋음', false, current_timestamp, 2);
insert into product (id, name, shipping_charge, width, height, quantity, price, content, best_seller, reg_date, category_id) values (29, 'Android', 2500, 26, 30, 17, 1500, '짱 좋음', false, current_timestamp, 1);

insert into image (id, product_id, mime_type, type, name, size) values (1, 1, 'image/png', 'THUMB_NAIL', '/thumb/best_sticker_th.png',  124361);
insert into image (id, product_id, mime_type, type, name, size) values (2, 2, 'image/png', 'THUMB_NAIL', '/thumb/html5_th.png',  31241);
insert into image (id, product_id, mime_type, type, name, size) values (3, 3, 'image/png', 'THUMB_NAIL', '/thumb/css3_th.png',  32137);
insert into image (id, product_id, mime_type, type, name, size) values (4, 4, 'image/png', 'THUMB_NAIL', '/thumb/js-j_th.png',  31219);
insert into image (id, product_id, mime_type, type, name, size) values (5, 5, 'image/png', 'THUMB_NAIL', '/thumb/js-s_th.png',  30131);
insert into image (id, product_id, mime_type, type, name, size) values (6, 6, 'image/png', 'THUMB_NAIL', '/thumb/js-js_th.png',  30358);
insert into image (id, product_id, mime_type, type, name, size) values (7, 7, 'image/png', 'THUMB_NAIL', '/thumb/golang_th.png',  46337);
insert into image (id, product_id, mime_type, type, name, size) values (8, 8, 'image/png', 'THUMB_NAIL', '/thumb/eclipse_th.png',  36052);
insert into image (id, product_id, mime_type, type, name, size) values (9, 9, 'image/png', 'THUMB_NAIL', '/thumb/angular_th.png',  33017);
insert into image (id, product_id, mime_type, type, name, size) values (10, 10, 'image/png', 'THUMB_NAIL', '/thumb/ubuntu_th.png',  42498);
insert into image (id, product_id, mime_type, type, name, size) values (11, 11, 'image/png', 'THUMB_NAIL', '/thumb/fedora_th.png',  36650);
insert into image (id, product_id, mime_type, type, name, size) values (12, 12, 'image/png', 'THUMB_NAIL', '/thumb/spring_th.png',  40974);
insert into image (id, product_id, mime_type, type, name, size) values (13, 13, 'image/png', 'THUMB_NAIL', '/thumb/python_th.png',  53600);
insert into image (id, product_id, mime_type, type, name, size) values (14, 14, 'image/png', 'THUMB_NAIL', '/thumb/c#_th.png',  33331);
insert into image (id, product_id, mime_type, type, name, size) values (15, 15, 'image/png', 'THUMB_NAIL', '/thumb/react_th.png',  51588);
insert into image (id, product_id, mime_type, type, name, size) values (16, 16, 'image/png', 'THUMB_NAIL', '/thumb/css3_th.png',  32137);
insert into image (id, product_id, mime_type, type, name, size) values (17, 17, 'image/png', 'THUMB_NAIL', '/thumb/html5_th.png',  31241);
insert into image (id, product_id, mime_type, type, name, size) values (18, 18, 'image/png', 'THUMB_NAIL', '/thumb/ubuntu_th.png',  42498);
insert into image (id, product_id, mime_type, type, name, size) values (19, 19, 'image/png', 'THUMB_NAIL', '/thumb/spring_th.png',  40974);
insert into image (id, product_id, mime_type, type, name, size) values (20, 20, 'image/png', 'THUMB_NAIL', '/thumb/nodejs_th.png',  67334);
insert into image (id, product_id, mime_type, type, name, size) values (21, 21, 'image/png', 'THUMB_NAIL', '/thumb/atom_th.png',  101835);
insert into image (id, product_id, mime_type, type, name, size) values (22, 22, 'image/png', 'THUMB_NAIL', '/thumb/typescript_th.png',  26181);
insert into image (id, product_id, mime_type, type, name, size) values (23, 23, 'image/png', 'THUMB_NAIL', '/thumb/es6_th.png',  36153);
insert into image (id, product_id, mime_type, type, name, size) values (24, 24, 'image/png', 'THUMB_NAIL', '/thumb/npm_th.png',  20652);
insert into image (id, product_id, mime_type, type, name, size) values (25, 25, 'image/png', 'THUMB_NAIL', '/thumb/git_th.png',  41460);
insert into image (id, product_id, mime_type, type, name, size) values (26, 26, 'image/png', 'THUMB_NAIL', '/thumb/linux_th.png',  104293);
insert into image (id, product_id, mime_type, type, name, size) values (27, 27, 'image/png', 'THUMB_NAIL', '/thumb/react_th.png',  51588);
insert into image (id, product_id, mime_type, type, name, size) values (28, 28, 'image/png', 'THUMB_NAIL', '/thumb/python_th.png',  53600);
insert into image (id, product_id, mime_type, type, name, size) values (29, 29, 'image/png', 'THUMB_NAIL', '/thumb/android_th.png',  63835);
insert into image (id, product_id, mime_type, type, name, size) values (30, 1, 'image/png', 'DETAIL', '/detail/detail.png',  653115);
insert into image (id, product_id, mime_type, type, name, size) values (31, 2, 'image/png', 'DETAIL', '/detail/detail.png',  653115);
insert into image (id, product_id, mime_type, type, name, size) values (32, 3, 'image/png', 'DETAIL', '/detail/detail.png',  653115);
insert into image (id, product_id, mime_type, type, name, size) values (33, 4, 'image/png', 'DETAIL', '/detail/detail.png',  653115);
insert into image (id, product_id, mime_type, type, name, size) values (34, 5, 'image/png', 'DETAIL', '/detail/detail.png',  653115);
insert into image (id, product_id, mime_type, type, name, size) values (35, 6, 'image/png', 'DETAIL', '/detail/detail.png',  653115);
insert into image (id, product_id, mime_type, type, name, size) values (36, 7, 'image/png', 'DETAIL', '/detail/detail.png',  653115);
insert into image (id, product_id, mime_type, type, name, size) values (37, 8, 'image/png', 'DETAIL', '/detail/detail.png',  653115);
insert into image (id, product_id, mime_type, type, name, size) values (38, 9, 'image/png', 'DETAIL', '/detail/detail.png',  653115);
insert into image (id, product_id, mime_type, type, name, size) values (39, 10, 'image/png', 'DETAIL', '/detail/detail.png',  653115);
insert into image (id, product_id, mime_type, type, name, size) values (40, 11, 'image/png', 'DETAIL', '/detail/detail.png',  653115);
insert into image (id, product_id, mime_type, type, name, size) values (41, 12, 'image/png', 'DETAIL', '/detail/detail.png',  653115);
insert into image (id, product_id, mime_type, type, name, size) values (42, 13, 'image/png', 'DETAIL', '/detail/detail.png',  653115);
insert into image (id, product_id, mime_type, type, name, size) values (43, 14, 'image/png', 'DETAIL', '/detail/detail.png',  653115);
insert into image (id, product_id, mime_type, type, name, size) values (44, 15, 'image/png', 'DETAIL', '/detail/detail.png',  653115);
insert into image (id, product_id, mime_type, type, name, size) values (45, 16, 'image/png', 'DETAIL', '/detail/detail.png',  653115);
insert into image (id, product_id, mime_type, type, name, size) values (46, 17, 'image/png', 'DETAIL', '/detail/detail.png',  653115);
insert into image (id, product_id, mime_type, type, name, size) values (47, 18, 'image/png', 'DETAIL', '/detail/detail.png',  653115);
insert into image (id, product_id, mime_type, type, name, size) values (48, 19, 'image/png', 'DETAIL', '/detail/detail.png',  653115);
insert into image (id, product_id, mime_type, type, name, size) values (49, 20, 'image/png', 'DETAIL', '/detail/detail.png',  653115);
insert into image (id, product_id, mime_type, type, name, size) values (50, 21, 'image/png', 'DETAIL', '/detail/detail.png',  653115);
insert into image (id, product_id, mime_type, type, name, size) values (51, 22, 'image/png', 'DETAIL', '/detail/detail.png',  653115);
insert into image (id, product_id, mime_type, type, name, size) values (52, 23, 'image/png', 'DETAIL', '/detail/detail.png',  653115);
insert into image (id, product_id, mime_type, type, name, size) values (53, 24, 'image/png', 'DETAIL', '/detail/detail.png',  653115);
insert into image (id, product_id, mime_type, type, name, size) values (54, 25, 'image/png', 'DETAIL', '/detail/detail.png',  653115);
insert into image (id, product_id, mime_type, type, name, size) values (55, 26, 'image/png', 'DETAIL', '/detail/detail.png',  653115);
insert into image (id, product_id, mime_type, type, name, size) values (56, 27, 'image/png', 'DETAIL', '/detail/detail.png',  653115);
insert into image (id, product_id, mime_type, type, name, size) values (57, 28, 'image/png', 'DETAIL', '/detail/detail.png',  653115);
insert into image (id, product_id, mime_type, type, name, size) values (58, 29, 'image/png', 'DETAIL', '/detail/detail.png',  653115);
insert into members (id, email, passwd, name, phone, adr_zipcode, adr_location, adr_detail, reg_date) values (1, 'test1@gmail.com', '{noop}12345','김신','010-1234-5678','123-12','삼성동','334-1 1101호',current_timestamp);
insert into members (id, email, passwd, name, phone, adr_zipcode, adr_location, adr_detail, reg_date) values (2, 'test2@gmail.com', '{noop}12345','지은탁','010-1234-5678','123-12','삼성동','334-1 1101호',current_timestamp);
insert into members (id, email, passwd, name, phone, adr_zipcode, adr_location, adr_detail, reg_date) values (3, 'test3@gmail.com', '{noop}12345','유덕화','010-1234-5678','123-12', '삼성동','334-1 1101호',current_timestamp);
insert into members (id, email, passwd, name, phone, adr_zipcode, adr_location, adr_detail, reg_date) values (4, 'test4@gmail.com', '{noop}12345','저승사자','010-1234-5678','123-12','삼성동','334-1 1101호',current_timestamp);
insert into members (id, email, passwd, name, phone, adr_zipcode, adr_location, adr_detail, reg_date) values (5, 'test5@gmail.com', '{noop}12345','써니','010-1234-5678','123-12','삼성동','334-1 1101호',current_timestamp);
insert into roles (id,name) VALUES (1,'ADMIN');
insert into roles (id,name) VALUES (2,'USER');
insert into members_roles(members_id, roles_id) VALUES (1,1);
insert into members_roles(members_id, roles_id) VALUES (1,2);
insert into members_roles(members_id, roles_id) VALUES (2,2);
insert into members_roles(members_id, roles_id) VALUES (3,2);
insert into members_roles(members_id, roles_id) VALUES (4,2);
insert into members_roles(members_id, roles_id) VALUES (5,2);

insert into cart(id, product_id, members_id, quantity) values (1, 1, 1, 3);
insert into cart(id, product_id, members_id, quantity) values (2, 2, 1, 3);
insert into cart(id, product_id, members_id, quantity) values (3, 3, 1, 3);
insert into cart(id, product_id, members_id, quantity) values (4, 2, 2, 3);
insert into cart(id, product_id, members_id, quantity) values (5, 3, 2, 3);
-- insert into cart(id, product_id, members_id, quantity) values (6, 3, 3, 3);